ddimension-feed-1-r3.apk	1-r3	1790934456	2026-10-06T08:30:42Z
ddimension-feed-1-r4.apk	1-r4	1791244478	2026-10-06T08:30:42Z
libubus-lua-async-2026.06.28~24864e78-r2.apk	2026.06.28~24864e78-r2	1782658016	2026-10-06T08:30:42Z
luci-app-wwand-1.6.9-r1.apk	1.6.9-r1	1790886378	2026-10-06T08:30:42Z
luci-app-wwand-ipa-0.1.0_p7-r1.apk	0.1.0_p7-r1	1790683242	2026-10-06T08:30:42Z
luci-app-wwand-rsim-0.0.1_p55-r1.apk	0.0.1_p55-r1	1790626020	2026-10-06T08:30:42Z
luci-app-wwand-statistics-1.6.9-r1.apk	1.6.9-r1	1790886378	2026-10-06T08:30:42Z
luci-proto-wwand-1.6.9-r1.apk	1.6.9-r1	1790621384	2026-10-06T08:30:42Z
qfirehose-1.4.21-r2.apk	1.4.21-r2	1791225358	2026-10-06T08:30:42Z
qflash-2.0-r2.apk	2.0-r2	1791225358	2026-10-06T08:30:42Z
qlog-1.5.8-r2.apk	1.5.8-r2	1632993206	2026-10-06T08:30:42Z
rsim-card-0.0.1_p55-r1.apk	0.0.1_p55-r1	1790626020	2026-10-06T08:30:42Z
rsim-card-pcsc-0.0.1_p55-r1.apk	0.0.1_p55-r1	1790626020	2026-10-06T08:30:42Z
wwand-1.6.9-r1.apk	1.6.9-r1	1790886359	2026-10-06T08:30:42Z
wwand-apntest-1.6.9-r1.apk	1.6.9-r1	1790886359	2026-10-06T08:30:42Z
wwand-datapath-rmnet_nss-1.6.9-r1.apk	1.6.9-r1	1790886359	2026-10-06T08:30:42Z
wwand-datapath-rmnet_nss_mhi-1.6.9-r1.apk	1.6.9-r1	1790886359	2026-10-06T08:30:42Z
wwand-esim-1.6.9-r1.apk	1.6.9-r1	1790886359	2026-10-06T08:30:42Z
wwand-gps-1.6.9-r1.apk	1.6.9-r1	1790886359	2026-10-06T08:30:42Z
wwand-ipa-0.1.0_p7-r1.apk	0.1.0_p7-r1	1790683242	2026-10-06T08:30:42Z
wwand-ipad-0.1.0_p40-r1.apk	0.1.0_p40-r1	1790574962	2026-10-06T08:30:42Z
wwand-lpac-2.3.0-r4.apk	2.3.0-r4	1791225358	2026-10-06T08:30:42Z
wwand-mbim-1.6.9-r1.apk	1.6.9-r1	1790886359	2026-10-06T08:30:42Z
wwand-mhi-1.6.9-r1.apk	1.6.9-r1	1790886359	2026-10-06T08:30:42Z
wwand-ncm-1.6.9-r1.apk	1.6.9-r1	1790886359	2026-10-06T08:30:42Z
wwand-qlog-0.1.0-r1.apk	0.1.0-r1	1790384265	2026-10-06T08:30:42Z
wwand-qmi-1.6.9-r1.apk	1.6.9-r1	1790886359	2026-10-06T08:30:42Z
wwand-rsim-0.0.1_p55-r1.apk	0.0.1_p55-r1	1790626020	2026-10-06T08:30:42Z
wwand-rsim-provider-0.0.1_p55-r1.apk	0.0.1_p55-r1	1790626020	2026-10-06T08:30:42Z
