ddimension-feed-1-r3.apk	1-r3	1791020887	2026-10-04T15:46:02Z
ddimension-feed-1-r4.apk	1-r4	1791020887	2026-10-04T15:46:02Z
luci-app-wwand-1.6.9_p1-r1.apk	1.6.9_p1-r1	1791050040	2026-10-04T15:46:02Z
luci-app-wwand-1.6.9_p4-r1.apk	1.6.9_p4-r1	1791099215	2026-10-04T15:46:02Z
luci-app-wwand-1.7.0_pre1-r1.apk	1.7.0_pre1-r1	1791146331	2026-10-05T02:02:20Z
luci-app-wwand-1.7.0_pre2-r1.apk	1.7.0_pre2-r1	1791226044	2026-10-06T05:52:23Z
luci-app-wwand-1.7.0_pre5-r1.apk	1.7.0_pre5-r1	1791523331	2026-10-09T10:15:03Z
luci-app-wwand-1.7.0_pre6-r1.apk	1.7.0_pre6-r1	1791585561	2026-10-10T08:56:49Z
luci-app-wwand-ipa-0.1.0_p7-r1.apk	0.1.0_p7-r1	1790683242	2026-10-04T15:46:02Z
luci-app-wwand-ipa-0.2.0-r1.apk	0.2.0-r1	1790683242	2026-10-09T10:15:03Z
luci-app-wwand-rsim-0.0.1_p55-r1.apk	0.0.1_p55-r1	1790626020	2026-10-04T15:46:02Z
luci-app-wwand-rsim-0.1.0-r1.apk	0.1.0-r1	1790626020	2026-10-09T10:15:03Z
luci-app-wwand-statistics-1.6.9_p1-r1.apk	1.6.9_p1-r1	1791050040	2026-10-04T15:46:02Z
luci-app-wwand-statistics-1.6.9_p4-r1.apk	1.6.9_p4-r1	1791099215	2026-10-04T15:46:02Z
luci-app-wwand-statistics-1.7.0_pre1-r1.apk	1.7.0_pre1-r1	1791146331	2026-10-05T02:02:20Z
luci-app-wwand-statistics-1.7.0_pre2-r1.apk	1.7.0_pre2-r1	1791226044	2026-10-06T05:52:23Z
luci-app-wwand-statistics-1.7.0_pre5-r1.apk	1.7.0_pre5-r1	1791523331	2026-10-09T10:15:03Z
luci-app-wwand-statistics-1.7.0_pre6-r1.apk	1.7.0_pre6-r1	1791585561	2026-10-10T08:56:49Z
luci-proto-wwand-1.6.9-r1.apk	1.6.9-r1	1790621384	2026-10-04T15:46:02Z
luci-proto-wwand-1.7.0_pre1-r1.apk	1.7.0_pre1-r1	1791583968	2026-10-10T08:56:49Z
qfirehose-1.4.21-r2.apk	1.4.21-r2	1791107299	2026-10-04T15:46:02Z
qflash-2.0-r2.apk	2.0-r2	1791107299	2026-10-04T15:46:02Z
qlog-1.5.8-r2.apk	1.5.8-r2	1632993206	2026-10-04T15:46:02Z
rsim-card-0.0.1_p55-r1.apk	0.0.1_p55-r1	1790626020	2026-10-04T15:46:02Z
rsim-card-0.1.0-r1.apk	0.1.0-r1	1790626020	2026-10-09T10:15:03Z
rsim-card-pcsc-0.0.1_p55-r1.apk	0.0.1_p55-r1	1790626020	2026-10-04T15:46:02Z
rsim-card-pcsc-0.1.0-r1.apk	0.1.0-r1	1790626020	2026-10-09T10:15:03Z
wwand-1.6.9_p14-r1.apk	1.6.9_p14-r1	1791098568	2026-10-04T15:46:02Z
wwand-1.6.9_p5-r1.apk	1.6.9_p5-r1	1791059258	2026-10-04T15:46:02Z
wwand-1.7.0_pre10-r1.apk	1.7.0_pre10-r1	1791176835	2026-10-05T08:33:21Z
wwand-1.7.0_pre15-r1.apk	1.7.0_pre15-r1	1791229874	2026-10-06T05:52:23Z
wwand-1.7.0_pre16-r1.apk	1.7.0_pre16-r1	1791522505	2026-10-09T10:15:03Z
wwand-1.7.0_pre20-r1.apk	1.7.0_pre20-r1	1791589933	2026-10-10T08:56:49Z
wwand-1.7.0_pre9-r1.apk	1.7.0_pre9-r1	1791146324	2026-10-05T02:02:20Z
wwand-apntest-1.6.9_p14-r1.apk	1.6.9_p14-r1	1791098568	2026-10-04T15:46:02Z
wwand-apntest-1.6.9_p5-r1.apk	1.6.9_p5-r1	1791059258	2026-10-04T15:46:02Z
wwand-apntest-1.7.0_pre10-r1.apk	1.7.0_pre10-r1	1791176835	2026-10-05T08:33:21Z
wwand-apntest-1.7.0_pre15-r1.apk	1.7.0_pre15-r1	1791229874	2026-10-06T05:52:23Z
wwand-apntest-1.7.0_pre16-r1.apk	1.7.0_pre16-r1	1791522505	2026-10-09T10:15:03Z
wwand-apntest-1.7.0_pre20-r1.apk	1.7.0_pre20-r1	1791589933	2026-10-10T08:56:49Z
wwand-apntest-1.7.0_pre9-r1.apk	1.7.0_pre9-r1	1791146324	2026-10-05T02:02:20Z
wwand-datapath-rmnet_nss-1.6.9_p14-r1.apk	1.6.9_p14-r1	1791098568	2026-10-04T15:46:02Z
wwand-datapath-rmnet_nss-1.6.9_p5-r1.apk	1.6.9_p5-r1	1791059258	2026-10-04T15:46:02Z
wwand-datapath-rmnet_nss-1.7.0_pre10-r1.apk	1.7.0_pre10-r1	1791176835	2026-10-05T08:33:21Z
wwand-datapath-rmnet_nss-1.7.0_pre15-r1.apk	1.7.0_pre15-r1	1791229874	2026-10-06T05:52:23Z
wwand-datapath-rmnet_nss-1.7.0_pre16-r1.apk	1.7.0_pre16-r1	1791522505	2026-10-09T10:15:03Z
wwand-datapath-rmnet_nss-1.7.0_pre20-r1.apk	1.7.0_pre20-r1	1791589933	2026-10-10T08:56:49Z
wwand-datapath-rmnet_nss-1.7.0_pre9-r1.apk	1.7.0_pre9-r1	1791146324	2026-10-05T02:02:20Z
wwand-datapath-rmnet_nss_mhi-1.6.9_p14-r1.apk	1.6.9_p14-r1	1791098568	2026-10-04T15:46:02Z
wwand-datapath-rmnet_nss_mhi-1.6.9_p5-r1.apk	1.6.9_p5-r1	1791059258	2026-10-04T15:46:02Z
wwand-datapath-rmnet_nss_mhi-1.7.0_pre10-r1.apk	1.7.0_pre10-r1	1791176835	2026-10-05T08:33:21Z
wwand-datapath-rmnet_nss_mhi-1.7.0_pre15-r1.apk	1.7.0_pre15-r1	1791229874	2026-10-06T05:52:23Z
wwand-datapath-rmnet_nss_mhi-1.7.0_pre16-r1.apk	1.7.0_pre16-r1	1791522505	2026-10-09T10:15:03Z
wwand-datapath-rmnet_nss_mhi-1.7.0_pre20-r1.apk	1.7.0_pre20-r1	1791589933	2026-10-10T08:56:49Z
wwand-datapath-rmnet_nss_mhi-1.7.0_pre9-r1.apk	1.7.0_pre9-r1	1791146324	2026-10-05T02:02:20Z
wwand-esim-1.6.9_p14-r1.apk	1.6.9_p14-r1	1791098568	2026-10-04T15:46:02Z
wwand-esim-1.6.9_p5-r1.apk	1.6.9_p5-r1	1791059258	2026-10-04T15:46:02Z
wwand-esim-1.7.0_pre10-r1.apk	1.7.0_pre10-r1	1791176835	2026-10-05T08:33:21Z
wwand-esim-1.7.0_pre15-r1.apk	1.7.0_pre15-r1	1791229874	2026-10-06T05:52:23Z
wwand-esim-1.7.0_pre16-r1.apk	1.7.0_pre16-r1	1791522505	2026-10-09T10:15:03Z
wwand-esim-1.7.0_pre20-r1.apk	1.7.0_pre20-r1	1791589933	2026-10-10T08:56:49Z
wwand-esim-1.7.0_pre9-r1.apk	1.7.0_pre9-r1	1791146324	2026-10-05T02:02:20Z
wwand-gps-1.6.9_p14-r1.apk	1.6.9_p14-r1	1791098568	2026-10-04T15:46:02Z
wwand-gps-1.6.9_p5-r1.apk	1.6.9_p5-r1	1791059258	2026-10-04T15:46:02Z
wwand-gps-1.7.0_pre10-r1.apk	1.7.0_pre10-r1	1791176835	2026-10-05T08:33:21Z
wwand-gps-1.7.0_pre15-r1.apk	1.7.0_pre15-r1	1791229874	2026-10-06T05:52:23Z
wwand-gps-1.7.0_pre16-r1.apk	1.7.0_pre16-r1	1791522505	2026-10-09T10:15:03Z
wwand-gps-1.7.0_pre20-r1.apk	1.7.0_pre20-r1	1791589933	2026-10-10T08:56:49Z
wwand-gps-1.7.0_pre9-r1.apk	1.7.0_pre9-r1	1791146324	2026-10-05T02:02:20Z
wwand-ipa-0.1.0_p7-r1.apk	0.1.0_p7-r1	1790683242	2026-10-04T15:46:02Z
wwand-ipa-0.2.0-r1.apk	0.2.0-r1	1790683242	2026-10-09T10:15:03Z
wwand-ipad-0.1.0_p40-r1.apk	0.1.0_p40-r1	1790574962	2026-10-04T15:46:02Z
wwand-ipad-0.2.0-r1.apk	0.2.0-r1	1790574962	2026-10-09T10:15:03Z
wwand-lpac-2.3.0-r4.apk	2.3.0-r4	1791107299	2026-10-04T15:46:02Z
wwand-mbim-1.6.9_p14-r1.apk	1.6.9_p14-r1	1791098568	2026-10-04T15:46:02Z
wwand-mbim-1.6.9_p5-r1.apk	1.6.9_p5-r1	1791059258	2026-10-04T15:46:02Z
wwand-mbim-1.7.0_pre10-r1.apk	1.7.0_pre10-r1	1791176835	2026-10-05T08:33:21Z
wwand-mbim-1.7.0_pre15-r1.apk	1.7.0_pre15-r1	1791229874	2026-10-06T05:52:23Z
wwand-mbim-1.7.0_pre16-r1.apk	1.7.0_pre16-r1	1791522505	2026-10-09T10:15:03Z
wwand-mbim-1.7.0_pre20-r1.apk	1.7.0_pre20-r1	1791589933	2026-10-10T08:56:49Z
wwand-mbim-1.7.0_pre9-r1.apk	1.7.0_pre9-r1	1791146324	2026-10-05T02:02:20Z
wwand-mhi-1.6.9_p14-r1.apk	1.6.9_p14-r1	1791098568	2026-10-04T15:46:02Z
wwand-mhi-1.6.9_p5-r1.apk	1.6.9_p5-r1	1791059258	2026-10-04T15:46:02Z
wwand-mhi-1.7.0_pre10-r1.apk	1.7.0_pre10-r1	1791176835	2026-10-05T08:33:21Z
wwand-mhi-1.7.0_pre15-r1.apk	1.7.0_pre15-r1	1791229874	2026-10-06T05:52:23Z
wwand-mhi-1.7.0_pre16-r1.apk	1.7.0_pre16-r1	1791522505	2026-10-09T10:15:03Z
wwand-mhi-1.7.0_pre20-r1.apk	1.7.0_pre20-r1	1791589933	2026-10-10T08:56:49Z
wwand-mhi-1.7.0_pre9-r1.apk	1.7.0_pre9-r1	1791146324	2026-10-05T02:02:20Z
wwand-ncm-1.6.9_p14-r1.apk	1.6.9_p14-r1	1791098568	2026-10-04T15:46:02Z
wwand-ncm-1.6.9_p5-r1.apk	1.6.9_p5-r1	1791059258	2026-10-04T15:46:02Z
wwand-ncm-1.7.0_pre10-r1.apk	1.7.0_pre10-r1	1791176835	2026-10-05T08:33:21Z
wwand-ncm-1.7.0_pre15-r1.apk	1.7.0_pre15-r1	1791229874	2026-10-06T05:52:23Z
wwand-ncm-1.7.0_pre16-r1.apk	1.7.0_pre16-r1	1791522505	2026-10-09T10:15:03Z
wwand-ncm-1.7.0_pre20-r1.apk	1.7.0_pre20-r1	1791589933	2026-10-10T08:56:49Z
wwand-ncm-1.7.0_pre9-r1.apk	1.7.0_pre9-r1	1791146324	2026-10-05T02:02:20Z
wwand-qlog-0.1.0-r1.apk	0.1.0-r1	1790384265	2026-10-04T15:46:02Z
wwand-qmi-1.6.9_p14-r1.apk	1.6.9_p14-r1	1791098568	2026-10-04T15:46:02Z
wwand-qmi-1.6.9_p5-r1.apk	1.6.9_p5-r1	1791059258	2026-10-04T15:46:02Z
wwand-qmi-1.7.0_pre10-r1.apk	1.7.0_pre10-r1	1791176835	2026-10-05T08:33:21Z
wwand-qmi-1.7.0_pre15-r1.apk	1.7.0_pre15-r1	1791229874	2026-10-06T05:52:23Z
wwand-qmi-1.7.0_pre16-r1.apk	1.7.0_pre16-r1	1791522505	2026-10-09T10:15:03Z
wwand-qmi-1.7.0_pre20-r1.apk	1.7.0_pre20-r1	1791589933	2026-10-10T08:56:49Z
wwand-qmi-1.7.0_pre9-r1.apk	1.7.0_pre9-r1	1791146324	2026-10-05T02:02:20Z
wwand-rsim-0.0.1_p55-r1.apk	0.0.1_p55-r1	1790626020	2026-10-04T15:46:02Z
wwand-rsim-0.1.0-r1.apk	0.1.0-r1	1790626020	2026-10-09T10:15:03Z
wwand-rsim-provider-0.0.1_p55-r1.apk	0.0.1_p55-r1	1790626020	2026-10-04T15:46:02Z
wwand-rsim-provider-0.1.0-r1.apk	0.1.0-r1	1790626020	2026-10-09T10:15:03Z
